1,vbedenham0@surveymonkey.com,hN7=q$%79N=nAJ,mminguet0
2,swatsam1@sogou.com,iO2+>7FGby,hskewis1
3,ssimoneschi2@blogspot.com,cP5$Hm#yjF_.IMk#,vmaraga2
4,nrobens3@bbb.org,"zO3&C,wuvoChN>",sgooke3
5,fkewzick4@chronoengine.com,kI3(2#wCB.,tlamar4
6,gstump5@macromedia.com,"nQ0$7Dl0usi""O&<",avinck5
7,rrought6@lycos.com,cA6{MQsRObZQ6%>,iseifert6
8,prichardson7@parallels.com,"uB6?2J4""uY5Xhj",rgallager7
9,nplewman8@cafepress.com,zQ7=PY'Y*YK88ZG&,nhackly8
10,ccattlemull9@microsoft.com,kN7#k1o)as2w7gUv,lcurry9
11,rgraziera@cnbc.com,iN1#7KYdX9,aodorana
12,raldersleyb@google.nl,sI8&LJI9_KOo!N,mswafieldb
13,eflewinc@google.co.jp,"hQ0""h3xG@<s9eO",aeltc
14,asallowayed@godaddy.com,jZ6=#8MR+p,dgoodeyd
15,cbaikee@uiuc.edu,hP2(X?_J`Nl9`@=,rivankove
16,mfritzf@nifty.com,kW5|VVo.,cmcmenaminf
17,jgilliamg@reference.com,xJ9&ugTQ@Sk@,wcressarg
18,skimmitth@tmall.com,yH5+Wy6es7,btarzeyh
19,twallsi@samsung.com,bZ9\aQP&}9@E/z*,rkillgusi
20,vsantoraj@newsvine.com,nB7%{P>6XFe!Me,cclemencetj
21,hrustonk@spotify.com,bQ2?ScNYB%W,tmattschask
22,fplumridgel@usnews.com,fV3@oc(OY,iinoldl
23,ereddihoughm@hatena.ne.jp,"qN6,q\N_MN=V0",jambroixm
24,mstrobann@dion.ne.jp,uY0$t\8Ch~`,gmingauldn
25,elamborno@twitter.com,bM8/}09`6tTv,vrehmo
26,ftaillp@zdnet.com,sX2/lDHuK,cledstonep
27,dclackq@ning.com,nP8_5heNBR3k*,egrishanovq
28,brobiotr@typepad.com,"qX0,WpnfGEC_S6?x",dannandr
29,tcoleiros@nsw.gov.au,nX1!T!GHh,kmuccinos
30,hvermant@simplemachines.org,xK1=46='mJOg'uz,difet
31,wwanleyu@home.pl,vR3'@49sTG_XI,jcolcuttu
32,echolmondeleyv@yolasite.com,jE2_kp7TK9G(,cbirrelv
33,fhutcheonw@hubpages.com,hB6_npk=`%A9iiS(,hnansonw
34,kcossonsx@disqus.com,oO5@sC%$=rq$17,rallikerx
35,fmattacky@shareasale.com,wL0)cV>1,omoyesy
36,rpetelz@google.es,uD6`+UbOp~XG(0a,washlinz
37,chainning10@latimes.com,tN4?HLF!1\7q,lcrighton10
38,bjorio11@amazon.com,uA4}=dUitGly,cvandevelde11
39,epervoe12@google.com,oV9)`?l8GHCzzH\C,dklassmann12
40,cpoundford13@xing.com,oT3+Z3G2++,jhitcham13
41,mchezelle14@dell.com,vH1>5\1E~Ef,hwannan14
42,cbownd15@cocolog-nifty.com,"tR0,g(Y{4",rwolstenholme15
43,hhunday16@taobao.com,eS2$!uei2jmEFGR,bmickleborough16
44,sbrehaut17@webnode.com,"jI5@,MxOQ`LijL",ctrippitt17
45,kkerfut18@devhub.com,gT3)%I~{ElD,pbigglestone18
46,srouge19@cisco.com,aT4!\wbBYb6H(,plefeuvre19
47,sjaze1a@nhs.uk,zB5?IAbcpDUmNQP,awardell1a
48,hracher1b@seesaa.net,pB0!`7XR7H9VaZN,plefriec1b
49,dlidierth1c@php.net,sX7}F5R_gJC_CdD,keasom1c
50,npail1d@flavors.me,uZ0&xrilt<,mcuxson1d
51,jlandell1e@globo.com,"xS1'1"".7f~'HFr",pmagister1e
52,imucklestone1f@aol.com,tC5~_~~fQR,oundrill1f
53,sepine1g@yandex.ru,vE8}X0Q%JjLL,nbuckam1g
54,dmarchiso1h@reddit.com,aS5{wrvq{DgMqk,dmacfayden1h
55,hkingswood1i@berkeley.edu,rB0}M}uyU,galdin1i
56,fgherardesci1j@soundcloud.com,"fP9/W1""PsB`.1$\v",vlaviss1j
57,rmocquer1k@whitehouse.gov,iT3*jh=w,arosenwald1k
58,mferres1l@sourceforge.net,yQ5}'3M%8*GIR,achesterman1l
59,pdyzart1m@wordpress.com,dF2_j/$Vlrr,fteodoro1m
60,gausiello1n@wufoo.com,zZ2(o?G%ge|',ccundict1n
61,clongworth1o@cafepress.com,"rP3,z#_2D@ZN",spietzner1o
62,bgetty1p@hud.gov,tG4=Tyxa@0,cwhiteson1p
63,plorrie1q@paypal.com,lC7=iERI,pgreatland1q
64,mmackee1r@kickstarter.com,uO3'UwebrQh{E<SD,lmanser1r
65,mbelsham1s@shinystat.com,zQ2`DQ}u.dF,fconor1s
66,fsweeting1t@cocolog-nifty.com,qI3*mDV~*Zr,hjakoubec1t
67,lgadd1u@cmu.edu,uE4+ydrag,ldepinna1u
68,rtidd1v@merriam-webster.com,tC4&/j(.Q?,stejero1v
69,dfraczak1w@reverbnation.com,hN3!5Pzu#,ksummerell1w
70,ploudian1x@networksolutions.com,lU5!1pYv,gcasajuana1x
71,dvanyukhin1y@netvibes.com,gJ4%yE{.\(,kkesby1y
72,sscudamore1z@google.ca,qJ0\rH1S<C$oP?5,chasker1z
73,araison20@zimbio.com,sO8)|EKCu8~M!T,ldumini20
74,mmatteoli21@mozilla.com,yW4_+@V_iv|,hcoskerry21
75,sfould22@usnews.com,"uV7`G2C!!(YO""r%",treisen22
76,pfelton23@mysql.com,"yU7""AK!)F=.",cmatz23
77,cfewless24@europa.eu,tO5.B/A{.,fchasteau24
78,ikienlein25@geocities.jp,lO4?n8@`,bmccann25
79,igoudman26@webeden.co.uk,pB6+D~e3M*oWXtS6,sfazzioli26
80,jboundey27@google.de,hB0&8'Q)_h,fmaddison27
81,omquharg28@nhs.uk,dA2`yIVhQD,orotter28
82,bmosdill29@hao123.com,iQ9+WnBOSG,dbeen29
83,tkerrod2a@cnet.com,"oP4//uHK.*u.D""z",rorange2a
84,glankham2b@addthis.com,fQ9<i<8RK$Z%&,dmacalees2b
85,mrees2c@youtube.com,uC2/X.c9,dsquirrell2c
86,kbails2d@devhub.com,fL1?'07.?\@~,sniesing2d
87,tellson2e@nbcnews.com,lA1%Qr5v,jbenzies2e
88,pcroutear2f@dropbox.com,qF6!JXL@,traynor2f
89,odziwisz2g@huffingtonpost.com,lT5`7UX7l/LW3Ss,pshalders2g
90,wdunning2h@oaic.gov.au,"tF5!?t`K{A4?/B""",ielfes2h
91,zmohammed2i@pagesperso-orange.fr,tZ9)|f(QlzWUu,ksawyers2i
92,zallardyce2j@sfgate.com,xL1)>C+*@a!VM5@,rspeck2j
93,amcilvenny2k@wordpress.org,"eI8""8i{!A/_#'X7t",wbranford2k
94,ppetticrow2l@comsenz.com,"dP3_""U>R*1U}",rfulun2l
95,mrigmand2m@berkeley.edu,gJ7'f@Z*,molenichev2m
96,kmaryet2n@cnbc.com,"eF6,bX~@LRd7""",ifutcher2n
97,ncamous2o@comcast.net,gL5>&kQHkQMOBQ,jkunneke2o
98,lcullum2p@eepurl.com,jF0/Xht@.fxK{Ki,ahallen2p
99,dcansdell2q@about.me,wR9&.7XzI?cA>5,jmcreidy2q
100,ntrippack2r@opera.com,aQ0}Z?C_RW2,cgabby2r
101,rbetts2s@sohu.com,cW1\A0gr,phayers2s
102,gstearn2t@elpais.com,sI1)u}Efo,cclaremont2t
103,dcollip2u@cafepress.com,"bS1,?Rh0",qdemann2u
104,amclaren2v@t.co,tF3>_+=+,cyakovl2v
105,tsnugg2w@webnode.com,tU5#.%f',rtremble2w
106,njoblin2x@mediafire.com,yO6(mGD&(R,acousins2x
107,dhatherleigh2y@hatena.ne.jp,pP9&&J4<xeU+uqVG,jcoltan2y
108,atoolin2z@latimes.com,dO4#`7jBO,kbarbosa2z
109,jwillcocks30@fastcompany.com,"vB9,G3,Qh<PS/{}",mseamans30
110,tshand31@last.fm,zJ5_\2.4kS7z,sbiles31
111,avesco32@utexas.edu,vO4@Jh_(o(zN,ldearlepalser32
112,dpiniur33@freewebs.com,iI3<|=l#oJAB6,nburris33
113,mamps34@upenn.edu,tY1&&\CHj)R,fcothey34
114,mshoemark35@smh.com.au,bX6}eYn'zn|NOOg<,bsabater35
115,lhugonet36@vistaprint.com,"wO0#$?z""`?yuO",helvins36
116,umcmychem37@slashdot.org,"qP2""JXF4B,$E~ez",msarre37
117,egieves38@spiegel.de,zU2#Z)(.2VnOaiR/,sdelleschi38
118,tshailer39@ted.com,dY5?kDy`,gatter39
119,ctriplet3a@columbia.edu,cA9<.=n7u%<,ecaseborne3a
120,tgeaney3b@discovery.com,tJ2(YxtartT\,landreou3b
121,dcastagneto3c@vkontakte.ru,"oO2""57Z&'",ntafani3c
122,cflowitt3d@admin.ch,dF7+$(|UxRAN7+$E,jmcginny3d
123,tpitman3e@comcast.net,sH3!<LWB.1M'<,ngreenly3e
124,lblazejewski3f@github.io,"lP9""QU#dL9""a8&G",abernardeschi3f
125,tgillet3g@mozilla.com,cG4)LW98F!Og+,schaimson3g
126,jbotly3h@dion.ne.jp,sD2(T?giP06mxo,ckee3h
127,ngeffen3i@pinterest.com,"dT0)7xSCju*""c{?#",rgudge3i
128,zcomazzo3j@tuttocitta.it,iK5!%ZhXXHP.~<,rweedenburg3j
129,bhawket3k@imgur.com,hD7{i1`M2yiUCk>/,djimmes3k
130,fdavis3l@google.fr,zN9#Pk19,msarfati3l
131,ndepero3m@chronoengine.com,yK5$3kaR9v,nsacker3m
132,smourant3n@zimbio.com,"uI1~S'cF',7\cRy",rcarvell3n
133,slangstaff3o@blog.com,"bK8+ij|,w,}",bdangerfield3o
134,hbasso3p@europa.eu,"qK4>Z{""F>MuU60G",mlobb3p
135,kmaddinon3q@webs.com,"wL4@i{SeRS""#",pvernazza3q
136,cdelhay3r@yahoo.co.jp,xB1$dV$w't6#Zbr,yhatchette3r
137,jtitley3s@over-blog.com,"gR6,`#D/qGmy",hoboy3s
138,sderbyshire3t@nsw.gov.au,"lH2<zO1'al,v",aaluard3t
139,agerrens3u@indiatimes.com,lE1*lyR?jksRr,rskeeles3u
140,wdingley3v@adobe.com,rB8)q`BgMDE,krozanski3v
141,tgirdler3w@wordpress.org,kN9(>Yd.Tc,gwinterbourne3w
142,jlambotin3x@163.com,aP3|.I{E~,hley3x
143,gweben3y@istockphoto.com,yV3/`l~@!,sbelleny3y
144,tboxen3z@buzzfeed.com,sL0$O\foS{/ys,lpitchford3z
145,nskirling40@foxnews.com,yX9?%wN@Lolt{9%N,gpyecroft40
146,mrasp41@prnewswire.com,uC0\k>.M,lmckew41
147,gmiddle42@bbb.org,iC0?V~G8JT,gduxbury42
148,tgarnson43@nsw.gov.au,dC9`iD.sj~?8}$,tshepperd43
149,kbroske44@nydailynews.com,mN4<m}qCtV~,cgriffin44
150,oblaine45@nih.gov,"sF8(H,~r<B9cM",plorden45
151,amallon46@merriam-webster.com,qX2/0ny{a23l%icU,dmcwhinnie46
152,kpetett47@spotify.com,xJ1&B27qUtiKs,evispo47
153,ftanguy48@com.com,fM3)hZh2`~h5@`,iburch48
154,ckocher49@wufoo.com,"vE6,P$&R}",aammer49
155,schazerand4a@tiny.cc,"fQ4!P0H95An,+",jhungerford4a
156,rmechan4b@geocities.jp,tB0)z/hOsiE%,bmustoo4b
157,bfigg4c@apache.org,gK1\.yCbQ`|,ekornilov4c
158,mcleeton4d@cbslocal.com,zJ0=g3*}1b,aaindriu4d
159,hmackereth4e@privacy.gov.au,yR5>'3VaVb,dstebbings4e
160,knowak4f@cnet.com,lU5&Q>nM$fh#xY,emacgaffey4f
161,kmallender4g@php.net,rD1%*z#jx){W&<oB,amorbey4g
162,dfennessy4h@etsy.com,yR8(j7eU`x2SrE,tmcgavigan4h
163,vmcdermot4i@friendfeed.com,dB8~\k_1.IQ,cendicott4i
164,bcrevagh4j@dedecms.com,hY3#>y\0,btramel4j
165,adewolfe4k@blinklist.com,xM2@Wccyu8Ye!,lartois4k
166,dpawellek4l@wikipedia.org,"bR2,f!Dr",kgodfrey4l
167,jhairsine4m@mozilla.org,"sC4@<p""zrXxc>1",mmceneny4m
168,nfonso4n@ucla.edu,wJ0+8Qd_5,amathivon4n
169,sdebnam4o@tumblr.com,"bB1>,iI6!bjui@",dvonnassau4o
170,zgregol4p@google.nl,"xR0,,f>+8Bko",ldyka4p
171,ggarbar4q@google.nl,jB5*DPL),ahaley4q
172,tfuggles4r@phoca.cz,qZ0*aZq',galbisser4r
173,kmaykin4s@1688.com,kW3_~de3Y213T~*&,mbraddock4s
174,jdwelley4t@opensource.org,"fA1!\so,",ahavvock4t
175,kmedland4u@infoseek.co.jp,bM5(}~qZg?{S,smucklow4u
176,aboake4v@who.int,vX5$!Wb<},sraunds4v
177,ctrevithick4w@cmu.edu,iY6?i<k*K1x,hdwelly4w
178,hnewband4x@wikipedia.org,gC1%e\_aP1,astephens4x
179,bnoe4y@vistaprint.com,"sC7'3Me2H""B",fwaltering4y
180,iburles4z@census.gov,wA5!99f1#aq,adumblton4z
181,jgenever50@eepurl.com,cE6*`lRHOr3P9,wzecchini50
182,ybracegirdle51@ebay.co.uk,"rX6""wqc\9&?&AhG",ggricewood51
183,wwalworche52@guardian.co.uk,aT7'21MN,kjancic52
184,aabethell53@opensource.org,hK1}rPD7,jkull53
185,mlabet54@4shared.com,dF0)?WM2,etregiddo54
186,bjerschke55@bravesites.com,bF4.+Qm_?Lk,ngwyther55
187,chowsam56@nps.gov,"zA3.?t',Sx+""A*}""",lburkwood56
188,dspridgen57@domainmarket.com,sY5|Jz{+CJ,ajane57
189,jlamburne58@geocities.com,uA1&TEkFkp?1,rcamelli58
190,lmccole59@foxnews.com,hF8/2WJ)\<J,klatter59
191,dnorthbridge5a@gov.uk,"sP5@9.Y|b({,2k",kdomenichelli5a
192,tchatainier5b@youtube.com,uT0)R/j6z<''f|p,rmorville5b
193,gbellwood5c@telegraph.co.uk,wT8%5zgO,lbeidebeke5c
194,pbony5d@livejournal.com,eM0*xmKtxC\,sagnew5d
195,mfynan5e@example.com,xD2|Z+?bK+vwl,bcoplestone5e
196,tciccarello5f@homestead.com,qT6!R)!@P,rweightman5f
197,imoring5g@vinaora.com,jY5|*>M7GAMC,atinson5g
198,vslisby5h@sina.com.cn,nN0~&0DG{,hberry5h
199,gferfulle5i@ca.gov,tA1@#7E@1f),jrobic5i
200,jadamovitch5j@mediafire.com,"iE4}.(gnh,m5+",myurchenko5j
201,tcall5k@yale.edu,jA0%jNrypS%/p2,goolahan5k
202,pisgate5l@unesco.org,jW8\N1@.iI,mlittell5l
203,mnowlan5m@unesco.org,hG8{\C_8a7oSbj,pgilks5m
204,nraysdale5n@state.tx.us,eQ4=jyKUNd4SE}i,dheisman5n
205,pkibard5o@nytimes.com,jZ3`mt=8{4Zo#,blowthorpe5o
206,tassad5p@cdc.gov,"sA4)2'""0H""!\CM",gverni5p
207,broydon5q@sciencedaily.com,"zQ8*""=Nv",tbengoechea5q
208,fpummery5r@cocolog-nifty.com,yS3.IFK7Y7MZXr?,jeschalotte5r
209,dpostians5s@hibu.com,kM8'!<lBIGf,jselley5s
210,aamber5t@wisc.edu,yJ8+q@3M+y(RSiLp,vixer5t
211,emckeefry5u@altervista.org,sL5.<%P&H62mix,wseakin5u
212,vdymond5v@blogger.com,bH4/0W2/cf7tbyw,wschultz5v
213,wdaintrey5w@yellowpages.com,"uN4#Yat%yP3/,M*",wmingame5w
214,dhadeke5x@who.int,kW0`?fAe,giacovino5x
215,sfoxcroft5y@vimeo.com,"sK4.n*VBV,",rlivingstone5y
216,qtruwert5z@ft.com,pP4_he<78`yw<A=Q,hpoetz5z
217,kspradbrow60@creativecommons.org,xB1&CyLp,acartmell60
218,ysalmons61@mtv.com,lM9.GMIgI.sX5nwg,mlucas61
219,ebenterman62@cbsnews.com,oO6=/6$?tB=V,tbolliver62
220,emarunchak63@seesaa.net,rR2#`2QC+mw,lblasoni63
221,rbeaushaw64@stumbleupon.com,nN3/BZQz(,iketchen64
222,igodley65@addthis.com,wF1(z7Y9H9,ptuckett65
223,jabba66@pinterest.com,mK2\wB%Meh,pgeorgeon66
224,bpossa67@devhub.com,oF7&{{I)ucf,ecubbini67
225,mblei68@lulu.com,"rY0$r~Iv,keQY",cquarles68
226,lbensusan69@homestead.com,eZ4#S<f$),mbolderoe69
227,apinilla6a@ovh.net,gT4!|exRt,ecostar6a
228,gsprulls6b@msu.edu,wC5*vY4o7WMj5,aworral6b
229,glampaert6c@unblog.fr,"bM9@,J*Si",vsheardown6c
230,msherbrook6d@imdb.com,"hH2,CUm6=.P~Rx+1",bcrookall6d
231,wmaccarrick6e@oakley.com,uI9<F+3H,vdoumerc6e
232,nhaggidon6f@tripadvisor.com,tW6?Fc!!>s|,mleete6f
233,ebrammar6g@hugedomains.com,nT1?a5hcsN,vrainford6g
234,rpetersen6h@furl.net,sT8>v}g73g'jsw<,csutheran6h
235,alancley6i@weebly.com,jZ3<I<`a1s,kmarchant6i
236,mleedes6j@tinypic.com,oT8=|bT#sj'ug=,aklementz6j
237,hfassmann6k@wikispaces.com,"qO9""g_QeQ7*4m>?",jgocke6k
238,nmcpheat6l@google.com.br,"yO4'F9,$A7t`",sterran6l
239,zramsden6m@apache.org,iL9??Dr5lNY9Eq?.,ahandling6m
240,iswansbury6n@ox.ac.uk,pM9\h*%{,mbeavan6n
241,tbowditch6o@msn.com,xL1@YD.|EC.1{s,eloveland6o
242,koakman6p@indiegogo.com,iO2=S6!G,dlosseljong6p
243,awrey6q@aboutads.info,"oA9,K?FtUjh<}T,v",ebeamiss6q
244,hlippini6r@microsoft.com,oY6#uMk1aYjs5!,tchesser6r
245,lpeggrem6s@acquirethisname.com,rC8<2LKW}Hgf%pqz,iabrehart6s
246,neicke6t@jugem.jp,lO2+*Wu3V4e&%Nu,ecosser6t
247,hpeaseman6u@goo.gl,nL2=eyXsw,rlygo6u
248,ajedrzejkiewicz6v@ovh.net,fH9<3Xa7u7~_,mmalden6v
249,vbunson6w@tinyurl.com,"aP0.0E,G",skainz6w
250,nhuonic6x@hexun.com,"bF5.>\M$,`T",bjuliff6x
251,lpiddocke6y@nytimes.com,cE5>/H$oweyH4jI,sbrimilcome6y
252,dstobbart6z@acquirethisname.com,hB9!i/)!imN,brobbings6z
253,bbalmer70@independent.co.uk,nX1~`AMG@3fRzS,nhafford70
254,flawley71@imgur.com,tW2'$fjOd{3,dbailiss71
255,croots72@businessinsider.com,eH0(f&pU,wfears72
256,jstrelitzer73@baidu.com,dS8|mGxjC+6,jgaspard73
257,awinks74@imgur.com,"rU0},h}""""I",cgrievson74
258,oabbatucci75@soup.io,hL2@R%zFCONE#zUy,ajobke75
259,scromley76@china.com.cn,nS2`|yWpqiX9,mgowman76
260,fhartfleet77@accuweather.com,nE7)k7t!7uw6,eroseaman77
261,draisbeck78@ustream.tv,bY0$+G_jdP<IV,dnetting78
262,ekiddye79@unesco.org,iE6.Sm+(o\kSe\,tdampney79
263,froache7a@berkeley.edu,pG0@$yVt`i1AePe,gmalham7a
264,rstaff7b@amazonaws.com,eA2?esoePMqUWcG,lollett7b
265,dcastagneto7c@hhs.gov,vL7+\m~6(5gI,fdisley7c
266,gboecke7d@comsenz.com,wE7)fHqY7?=(IPn,obrittian7d
267,dcoey7e@vistaprint.com,zF0'OR%v_!W,cdanilishin7e
268,mpettigree7f@eventbrite.com,zT0_hkPA,ofuggle7f
269,kbakesef7g@opera.com,jP6|up3%~Hs,ekemmett7g
270,amcsporon7h@ebay.com,qY2&\z3@b<5J+,zjacobsz7h
271,rpincked7i@senate.gov,"vC3$p0vU>""~0S",cbernlin7i
272,wmolden7j@studiopress.com,oA3%vx$`Rmh36Ee&,dphilp7j
273,ecortin7k@ed.gov,oN1`pUjh$Sx,chug7k
274,gmessom7l@wikia.com,tE6?Jg#ea`,wdoyle7l
275,dwilcockes7m@tmall.com,"kX6,52/PC7\~3t",rbensusan7m
276,csyfax7n@last.fm,"eH3$!9_""YWE",jharverson7n
277,vbilbie7o@live.com,oD3`A8N0\Dq',nort7o
278,canderbrugge7p@yolasite.com,uB1/YYaV@,alantiffe7p
279,malexandre7q@spotify.com,sJ3>X6YJ,mlackeye7q
280,jmatantsev7r@merriam-webster.com,tD0)Ac>%jYCAO6P,mbaigent7r
281,scrabb7s@cdc.gov,fL8*6J#y,shaugg7s
282,agarnall7t@technorati.com,nW5=elOW}CLP,rforton7t
283,rprestidge7u@nytimes.com,aN7%qlpxLf)Zgb,bberrow7u
284,edebellis7v@jiathis.com,mP6'S4&Z,bkeepe7v
285,mmoff7w@wikipedia.org,gL4@r?B?5j13?,rpyner7w
286,lmisselbrook7x@nasa.gov,"oC9#c@Em5,W22",telms7x
287,ohuggons7y@nationalgeographic.com,iF1=jJ\`,jbezarra7y
288,rmitkov7z@de.vu,"jM6<{""'eH",thugonneau7z
289,rswateridge80@dion.ne.jp,yK8?2O'Pusq$h,vcassell80
290,dsyncke81@simplemachines.org,uR0>Lm0#HL8,aculkin81
291,hmasdon82@loc.gov,hF7*oq0~`k#H4C>#,kseage82
292,ojoiris83@squarespace.com,"yA9<p""<T",smccarroll83
293,coake84@taobao.com,mC2*669\AAf,rmattimoe84
294,nstilliard85@wikispaces.com,"cV3<""\YH,p",jtroyes85
295,slowndsbrough86@naver.com,zF6!LkQG@cx4lg<1,ishefton86
296,amutton87@newsvine.com,"mI5,rg{HE",gdiplock87
297,ywilloughby88@surveymonkey.com,"sS2,?Su%tcf|xw~$",fdonoher88
298,pjaggi89@businessinsider.com,nK8&$5U@z,tkenset89
299,tbromhead8a@bloglines.com,rY9~7RizycU,daleksandrikin8a
300,jgoodchild8b@tinyurl.com,"lU3""I$&bLb/&",hchessum8b
301,tmacalpyne8c@mtv.com,lP6?3Q~<ee>T,mcottee8c
302,adorning8d@tiny.cc,xY9$c$_nyOuy,nhamflett8d
303,habreheart8e@ox.ac.uk,mZ7|IH@n_(An=,nkenafaque8e
304,rbeevers8f@discovery.com,iE3}r0>jmg{u,cpaske8f
305,dmechem8g@imageshack.us,aJ7@zV}b,yjellis8g
306,hfranzelini8h@samsung.com,wC6&JbcPK!,logready8h
307,tthorley8i@netscape.com,nP7$#FOTCpeiTcP`,ngudyer8i
308,hkann8j@sogou.com,"bX7~,&Hw",kdunsmore8j
309,smaystone8k@bloglovin.com,vF5`_#O~.sgQIta,ckummerlowe8k
310,rfrudd8l@behance.net,eE8&Tbg%B(,vetuck8l
311,bkobierski8m@mlb.com,mL5%y}5*Hfhs<w,ediego8m
312,dheiton8n@wiley.com,vQ5`3G}NX2N,mchevins8n
313,wabrahamsohn8o@elegantthemes.com,nC6_==<rrQ+m,mquesne8o
314,lpolye8p@craigslist.org,"mB1*tER=8S""4",mscranney8p
315,ghartman8q@360.cn,hW0}g%{s}Zo@Yupp,lpurkis8q
316,aplenderleith8r@exblog.jp,"jJ8""{7|ncK#dR+Y~",nfinch8r
317,aschubert8s@etsy.com,oF5|{GsoY+oiOQN,rsonger8s
318,cvalenssmith8t@webs.com,"qQ2}~S{,I)",lsalasar8t
319,gtolemache8u@youtu.be,gI1+*qTu~z,ekleinsmuntz8u
320,brabidge8v@privacy.gov.au,"rN3/U)RQ=,",hantonellini8v
321,wpaten8w@msu.edu,hX0~d7hDH*,nghidelli8w
322,cgoldsmith8x@baidu.com,"aU0,Y#<l",cropkins8x
323,cburgin8y@issuu.com,uX3(/wQLX,fgoldup8y
324,akenafaque8z@1688.com,"aM6'M""yFlmM",gcastane8z
325,ktrounce90@spiegel.de,aD3(Nr<>PxVbk+SM,kpoynzer90
326,kfalkingham91@timesonline.co.uk,rM5+K9gZD,bpearse91
327,tmacardle92@infoseek.co.jp,bA6&bE(x|j,ncallinan92
328,khinsch93@xinhuanet.com,bV3~6HTy#Ubbo5rV,uharbisher93
329,gsqueers94@mit.edu,oC0~cE!3gQ,msnowball94
330,geakle95@va.gov,oJ4!J9!M,acodrington95
331,sweatherup96@woothemes.com,"dR1%PwF9""'PM",rvenard96
332,cfine97@fema.gov,bF1#gh9jY,canders97
333,stipton98@rediff.com,"eE9`u08`+2L/,i",mbaptie98
334,asute99@so-net.ne.jp,"pT2""6M'4",fferrara99
335,kartus9a@barnesandnoble.com,gI2?`~NBu,jvasse9a
336,zblanpein9b@adobe.com,qC9?t2WJ8?M,bjentgens9b
337,apattillo9c@dion.ne.jp,eM9_'.(JCc,cgasnell9c
338,rvoden9d@woothemes.com,"dB1>59D/G""|E|?5o",nkabisch9d
339,bneem9e@marriott.com,kJ8&&Hxs,wcarnall9e
340,edabnor9f@photobucket.com,"cA2\XjQ+?0r,S!",ebremmer9f
341,bgrebert9g@prlog.org,rF8/QtGB4KmpQO(\,bglas9g
342,olammiman9h@infoseek.co.jp,"sU6/22\/@q,!ibh!",nweigh9h
343,nadamsson9i@mit.edu,"gL6,#eyO+b`",mkilmartin9i
344,cblaby9j@tripod.com,pX7#LXt(F>,mbertomieu9j
345,iponting9k@posterous.com,cY1&{*Bg=i,yhumberstone9k
346,rquinton9l@google.de,"sW0=JEa_)E5,,",msertin9l
347,doki9m@bizjournals.com,eW5.YI\{,cdedham9m
348,ebarwise9n@accuweather.com,tT7@+DEgD.{i*T,rkaplin9n
349,rtorrent9o@barnesandnoble.com,cS8}~#$o+w+smCC7,qcobelli9o
350,flanchbury9p@nih.gov,xT0~S9?n>t~!de,dklinck9p
351,zlembke9q@multiply.com,eW7~+594aJz#(\5,caisman9q
352,kfatharly9r@bloomberg.com,yH1_<u/!iIfS/=,shaps9r
353,bkrystof9s@bandcamp.com,"bD3!_,0cg",ldering9s
354,tladloe9t@dropbox.com,hL5/gWxb4SK#43V,sthackham9t
355,fpouton9u@geocities.com,xW5@te3c#0r,htommis9u
356,aposse9v@pagesperso-orange.fr,eD6`E'xK,gmeigh9v
357,dcosker9w@alexa.com,vN6{veRHIGZ3xYX,pfayer9w
358,iduiguid9x@unesco.org,rL8~ubHF!bg,cdupoy9x
359,wbairstow9y@un.org,jT5~#aD$,lenders9y
360,pnoquet9z@tripadvisor.com,oS4(Ji~J5@Y,cleworthy9z
361,hgravetta0@rambler.ru,"qY2<+GA$,K",dberthona0
362,kdeclerka1@paginegialle.it,"pJ1)bZM,CluH<)tG",ggreschkea1
363,ocoarea2@nationalgeographic.com,mV0{HzZ8l<(\q,sspriggina2
364,dwoodburna3@prnewswire.com,bG9._UF)|?r,cbordissa3
365,bornilsa4@histats.com,mN2}tUbgAw>c.K,randreopolosa4
366,ckilmarya5@hugedomains.com,lS0&zeO_,asandlanda5
367,cmyhana6@economist.com,eI7/P+49UC,tkirgana6
368,merrowea7@usgs.gov,yQ8$7JlOO<,urobinetta7
369,lronaynea8@gnu.org,"xH8{+}""E<o5",agilletta8
370,kjeaycocka9@cnbc.com,"oO2?""{Lry~w*&t",dstenhousea9
371,welsdonaa@opera.com,sA7*nzTuAvX>,adunbobinaa
372,dmcarleyab@yahoo.co.jp,"aL3""fYv<VW5",vlamsheadab
373,rtattershawac@spiegel.de,"hE5'm,vI9",ngarrickac
374,rstubbinad@icio.us,pX6>4<x_d5PQ7NP,alangdonad
375,maddionizioae@businessinsider.com,jF5(_+v+TJTnvz,jionnae
376,fjobeyaf@facebook.com,"cE3',|@(<J9TbD",ccurlisaf
377,cdolmanag@hubpages.com,sS0*ybcE}(g6,icundag
378,jdemeisah@scientificamerican.com,zW3_Zfqx1A0Pn,cpidduckah
379,dakroydai@gmpg.org,uU8`y5>0P,gdenormanvilleai
380,cewbanksaj@netvibes.com,hB6|2@eTO5,lrushmareaj
381,mhardsak@gmpg.org,gZ7*pNFq,csandleak
382,dberkeryal@1688.com,nN5~>33!bz3q>,gmctearal
383,zliddicoatam@photobucket.com,mM3\BOYf(ApJiU4,spurrieram
384,alemanan@parallels.com,eD9.\'!3==#)v,emartyntsevan
385,lfosterao@reverbnation.com,"jE4!#""7@y`mx",eruffao
386,creekap@ycombinator.com,"dT8,rPUY2v~s",eitchinghamap
387,mbrownceyaq@phoca.cz,"oO3+Jqq(k1_,F&+",jhumbertaq
388,mziemenar@purevolume.com,oE6%jf>Ak+8,jdoggrellar
389,jerlamas@imgur.com,"jD7%qrgd$,~It?x_",sgorryas
390,mslimmonat@cdbaby.com,dV8&A`!R$9,mwickenat
391,ecorkittau@ted.com,eP1#m|3f&k,cblankmanau
392,hdymondav@icio.us,uU9?0M.LXXr,kattleeav
393,hbirkaw@google.ca,vY1|3Y24,cbewsheaaw
394,acantwellax@elpais.com,eZ8\4uW!,jtravissax
395,pcomberay@usgs.gov,"gY2=DLQV,W&ah",kcostanzaay
396,acooneyaz@github.com,jP7|x)#WDHqZPJ/z,pbennsaz
397,mleestutb0@time.com,jA2{t3\6Y6?{vu?T,dsoppettb0
398,cbleakmanb1@imgur.com,eO2\~\CiQwaz8x,xlodderb1
399,ycecib2@sourceforge.net,"uC1)?/kl""T",cdyetb2
400,ekennairdb3@webnode.com,cO2(e}Np6R,kshreevesb3
401,rpatricksonb4@plala.or.jp,eL7==*ricj,dframeb4
402,bartinstallb5@usa.gov,bH4/$jgho.,sjupeb5
403,jcreechb6@simplemachines.org,aO9>$~}0Eg,pmarietteb6
404,aitzhaiekb7@comcast.net,xC7|#{{L8,dlovickb7
405,gbosdenb8@prweb.com,yU3'XKQa/N6i>,smarcqb8
406,rruckledgeb9@shareasale.com,vY6}uu4_X#lQF,dmccreedyb9
407,kedkinsba@a8.net,wY7<+8b0~fyEaF?/,sgovanba
408,sgarricbb@google.ca,cM2=<$QW,mpownallbb
409,wfrankbc@webeden.co.uk,lU7/A#AC`Gf_\F_8,whoffmannbc
410,jswalesbd@macromedia.com,uS1>_0S<}Z~!pT,mtwinboroughbd
411,kmargriebe@hao123.com,dV9\?m*l,fguerinbe
412,nthomabf@stanford.edu,oW3\OxC/I,dcroomebf
413,eglancybg@uol.com.br,"sA3>k""#/{a",heplettbg
414,rhenrionbh@guardian.co.uk,fT5+}xQU,imacfiebh
415,tsmallbi@spotify.com,hM1$kX&!5,ijodkowskibi
416,areadybj@microsoft.com,lI0`zDFR!8l,raikmanbj
417,bkibbyebk@opera.com,pG8|X}cG(jt,lskymbk
418,rbedinnbl@altervista.org,fS7)kLbIA06t<+,hwannopbl
419,mreichhardtbm@hud.gov,uW6{b6'Sxy,dedelerbm
420,gmcquadebn@utexas.edu,"kD3=j""_\",bmcsheabn
421,nfernandezbo@linkedin.com,dN2\r=Oe'iC,gjancybo
422,deakenbp@example.com,yV1*m1y!5aws>,ebalaizotbp
423,lwoolensbq@symantec.com,qZ8{_!8WAP,fplantbq
424,dadawaybr@amazon.co.jp,"pG1,sze%EI?F\j",bgreschbr
425,hmactaguebs@yellowpages.com,xT6=Lgu}>1TP,rcowenbs
426,dbouttonbt@ed.gov,"zV0(`*$tT7a""\",gmostynbt
427,rnormabellbu@indiegogo.com,"cX4,ovte3",gfossordbu
428,ovaszolybv@ted.com,yV3''e3S!N>,clovemorebv
429,wfrentzbw@youtu.be,kS7>sa85/$(,bagassbw
430,cormebx@craigslist.org,uQ9&@p*L.&KX,vtyrerbx
431,ldelepineby@wikispaces.com,zE0)qtkMGh,kallredby
432,mcaddybz@miibeian.gov.cn,oR1>2g}yuW\uDFn3,atathacottbz
433,ilucchic0@patch.com,bR6&EG2N{bYcD{,ewellingsc0
434,gbootellc1@indiegogo.com,wG1#cpe>9T,jloudc1
435,sogavenc2@yahoo.com,iQ6_.W.?8jj9e,hmastermanc2
436,srubinsaftc3@vinaora.com,vZ7)/Y'x3Fk1t,slegginc3
437,ascurfieldc4@state.gov,rV7/j~'*s9z|w,gburnupc4
438,agorsec5@blogger.com,eB2}%RS#i,mwelbournc5
439,aforbesc6@fda.gov,bM3)XTC$9j.66!Z3,tharcasec6
440,aworgc7@imdb.com,"sX8<{PR,YgbP,",gaberkirderc7
441,cbarltropc8@deliciousdays.com,eT6+{{&Z=QGw@R,fperrycostc8
442,ralessandrellic9@europa.eu,gO1{8=7`0Ih.2,lsutheringtonc9
443,odemorenoca@toplist.cz,eY3/cRru\0u@Pz,ogavaranca
444,ccotmancb@google.ru,"vE5.fx"".'5\",kshipperbottomcb
445,hbangiardcc@yahoo.com,"kD6=""vBcX",lroddamcc
446,mmeardoncd@list-manage.com,"tE8""S?MuBW39A3R",cjeayescd
447,gnaglece@vinaora.com,tN8}#7QH,sdennessce
448,llemarcf@shareasale.com,xC5>XUn}up_,rgreenmancf
449,kfidocg@whitehouse.gov,eA5!d$XGz,mmcdonandcg
450,ogoodburnch@bbb.org,lM3.H$7.Tu.,jdalwisch
451,krobinetteci@phpbb.com,tC9%a})pG#CX.,cstainci
452,cboylandcj@t-online.de,"cE7<},ck",atommeocj
453,glillicrapck@hubpages.com,mS0)C.8_GVAr,aswedelandck
454,ihagancl@discovery.com,qF1<WQGB_iAI,fmcgairlcl
455,bhayescm@squarespace.com,"pH2+A,<|)wy0G!'",mcrackettcm
456,amorrisseycn@webnode.com,tO6~(*!mJ3}@,bblaxlandecn
457,shassonco@rambler.ru,tT0\R\xeM?f2\,vcullrfordco
458,ckhotercp@utexas.edu,pG3\Owv3,mkilloughcp
459,ajahnercq@howstuffworks.com,"qQ2'HCe6""<""",dpoynorcq
460,seagleshamcr@fastcompany.com,tP1(xM17H,rmainscr
461,amatteottics@opensource.org,"iM9'}<o,0araa",nconstantinecs
462,kkevanect@skyrock.com,eS4&Fogrj&u,bbrahamct
463,dgaltoncu@spotify.com,yD6=Aahk,ktanswellcu
464,arennelscv@chron.com,"fI1""*,'X<+i!V*}",mflecknesscv
465,clahycw@merriam-webster.com,rP9?{\ag)4Geh<p,vorrycw
466,rwenhamcx@vk.com,gC0&Z9jqS%Z,dpittendreighcx
467,tindcy@homestead.com,gW9{L+*6,conealcy
468,gmcinnernycz@wisc.edu,lJ8`@/9_Y1EG,nkellockcz
469,pagard0@ovh.net,lM2)4&ts?$R/,hlachezed0
470,rkopelmand1@list-manage.com,bF6>tZvU/V3G1l+,raddicoted1
471,vdeandreisd2@netscape.com,fF7=x*dqeDI,eeskriettd2
472,mbisikerd3@kickstarter.com,"iS0,~}cQl_!S",lmacdougalld3
473,grustd4@samsung.com,yI3?HWnOERTd,mbraidmand4
474,ksowled5@discuz.net,"mY9,Z9H}",azinkd5
475,sdemicheled6@princeton.edu,mX4)F<<<,sdoughartied6
476,areinmard7@salon.com,cB9/HBns,bgensavaged7
477,cleitchd8@blogtalkradio.com,pZ5.Lq/R=3=\pJ9c,nbuglard8
478,mgildroyd9@cnbc.com,qR5=Sv\Uww/F,aswiffend9
479,rjoynerda@sfgate.com,gT0+2n!_!R_B`,mreaperda
480,tgeckedb@php.net,qX9%45*U{,ecraxforddb
481,jplomdc@nih.gov,"kT7`MYFMVK8&f""",nschulkinsdc
482,bgittoesdd@moonfruit.com,"mD1,|yq~Y1eo",jseymarkdd
483,ialpinede@wsj.com,dS4_0BQ\_M1Wwkf,koughde
484,gastindf@friendfeed.com,mG6`H%_zkn,ayesenevdf
485,tnisbetdg@theatlantic.com,fK0.ej?!a6B1mpdX,ltyronedg
486,cmachostiedh@umn.edu,"tZ7,XxvZ",mcaldrondh
487,dcumbesdi@timesonline.co.uk,jD9+XIVQ?9rfwX!Z,wperassidi
488,nhekdj@phoca.cz,iK6~ZQPh3m0,mcheesmandj
489,cryvesdk@google.ca,jW7.u8wuzx@qzO,jallmandk
490,aspehrdl@samsung.com,hS7<%<fJ!E\/,horrissdl
491,pwilcottdm@deliciousdays.com,yQ2\zkV)Z2ls@Qd,dwillcockdm
492,snielddn@ning.com,pA0}SjOHXVc=,vcrombleholmedn
493,arodelldo@so-net.ne.jp,mH7>4oxf5u,bbebisdo
494,tyesinovdp@hatena.ne.jp,"yY1,cXj<3",igardendp
495,gissacoffdq@marriott.com,sA3<lig&}o)_9,bnewgroshdq
496,afenelowdr@constantcontact.com,uB0_On=C)Ld,ifowlestonedr
497,gcaughtryds@dion.ne.jp,zY1?l@{skWL_,gharleyds
498,tbrideldt@tiny.cc,"eH3""eQcS3AlEy",edawidowitschdt
499,rwoolliamsdu@eepurl.com,vY7=R3vJzau,hsavealldu
500,bfawlodv@howstuffworks.com,sI7(}jXkxN%,vkelwaybamberdv
501,makersdw@intel.com,"oO7'BVdMHJm""K",nstathamdw
502,rfaulksdx@4shared.com,yJ5?Rk`)vF$r}8IL,jtuillerdx
503,rwolledgedy@geocities.jp,aM7'bR0el,cprindy
504,mperviewdz@opensource.org,zD0'$\f\/PZ}ti,jgarwelldz
505,jlalore0@mayoclinic.com,yL0\pSV|M/ntn.KE,jphizacleae0
506,lwemese1@freewebs.com,"bE6.D""8*'w3(Q9+",ecandeye1
507,cgerrame2@disqus.com,yA0%c\hc,blindenstrausse2
508,ewaplese3@shinystat.com,wS1/|*#+@pPH,fstronghille3
509,cstanmere4@constantcontact.com,"kN5,oJiR4>Ezt",bbousquete4
510,arogane5@cdc.gov,rC0@R#Vq6m9vYgr,dfollie5
511,gcanfere6@sbwire.com,uN0'3YNwXFNtWB},sparfreye6
512,hsidebottome7@shutterfly.com,qA8+}8lu,fpimblotte7
513,blegistere8@ebay.com,xI4!kx/_h,mjoslowe8
514,lthundercliffee9@wp.com,tZ7{3V>a>SM|k,cdovermanne9
515,miwanowskiea@squidoo.com,mC6!/''6D<,dcawkwellea
516,hfernanteb@clickbank.net,"gT4()"">xuL}TPS",psquibbeseb
517,tbusenec@vistaprint.com,uE3/~T2U*{dQ5,mbutterleyec
518,cmitkoved@pen.io,"hO7,.IDeQ",triddetted
519,mallridgeee@adobe.com,aC8'6%q8tiVe><,hcalwayee
520,eethridgeef@hud.gov,aF7&_1O?Oo4?H,ccaselyef
521,jboscheeg@scientificamerican.com,"tS2(,?1dc",eyukhninieg
522,cdolphineh@privacy.gov.au,iB6)#l8&!/Z,hbarneveldeh
523,rcaushei@yahoo.co.jp,hR7=t8<m+~X`c&`T,sbowdreyei
524,rmuntonej@pagesperso-orange.fr,kJ0_S7lNIgM,oransteadej
525,ebodyek@mapy.cz,tT3)qI5X,dcoulingek
526,cridgwellel@bing.com,pL5~(q1KBw6*,cbricknerel
527,dziemem@ask.com,sI5?T)Te4LJRrE,staborreem
528,iroddicken@tripadvisor.com,aG9`K%?EC,grobusen
529,cmosleyeo@washingtonpost.com,eW2\pQ(Elfo1&,cbeeseyeo
530,gpigfordep@state.tx.us,zA2*(#kf,sdecruzep
531,sebenezereq@elegantthemes.com,eQ6@oR#aY6c(OL,bablesoneq
532,crupertoer@nature.com,pR7'ujEiws,rcoventoner
533,dcolquitees@storify.com,gR3*?O~LS,tberstones
534,wcousanset@qq.com,vT5}zjTI>5s&,kcraigset
535,dwheatlandeu@example.com,mS1}ghq%(g@,lburnsideseu
536,mduckersev@imdb.com,kN5)A%zZ>\i8~0D9,dporteev
537,jfettersew@hud.gov,gO5'7%)R,ymacieiczykew
538,cselwayex@jalbum.net,"gH8<U""ls",bmccorleyex
539,eimpletoney@businessinsider.com,bV5_(vYYf+hz=Sn,hgeverey
540,ahalbordez@slashdot.org,gL5`cPO|_Nb$~,aearieez
541,smacteaguef0@cargocollective.com,tX8?K4I0ks,mbocockf0
542,rforsydef1@hp.com,rA8`!'a})36,iharmonf1
543,mrotlauff2@ihg.com,lU0`%e4bNsM}<$,mtowef2
544,hcrossf3@nba.com,kW1<GS'2~&?id,mhallfordf3
545,dmazzeof4@tripod.com,fC9>$kR.q?,mkobierskif4
546,jkendrewf5@intel.com,"wN7)m}<x~TSKS,j",dcollerf5
547,mrevillef6@fotki.com,"dG6""YL&GN@tX",mnorthernf6
548,mrevanf7@bbb.org,cO4#EEIM,csearstonf7
549,nsabeyf8@toplist.cz,rQ6|#a$eVk,mpehrssonf8
550,ccraighillf9@cdc.gov,cS2?Gm5@E0O?,eciobutarof9
551,hprimefa@unc.edu,vK2$v+=H=AQui8/B,rformbyfa
552,fbeddinghamfb@yandex.ru,sX5#XGGVVVxP98,ltorrfb
553,pknyvettfc@myspace.com,rV5?jk8pnGr%s~H,gwarbeysfc
554,kjedrasfd@symantec.com,rP4(a<$Dzu3,lsouthamfd
555,vbyrthfe@washington.edu,zA5*XMFG@L,cdymokefe
556,aberkeryff@wunderground.com,uY4`/b/1y,kwidocksff
557,jpickavantfg@amazon.co.jp,oA1+''f3bOjdS_,omushawefg
558,elyptritfh@51.la,fE3|ZGm6Y,ftouretfh
559,wgronoufi@census.gov,dI9$USrd6g>&~,fwhildfi
560,psucrefj@360.cn,iC9<KMCssP)R,crozenbaumfj
561,hmaypesfk@people.com.cn,fR4%}zV>d!>,kdoxseyfk
562,kglozmanfl@time.com,nP7&d7Kh=NGO/)h,chambridgefl
563,cheinsiusfm@scientificamerican.com,"uZ5&a6j,",dballayfm
564,djochananyfn@arizona.edu,"hK1,~3GY|9",wbrecknockfn
565,atregunnafo@1688.com,"lN4""d6TsJ*m(.X@~",kgrigorefo
566,jhizirfp@fc2.com,cM9=Q<Y>|M</.),dbatterfp
567,rtruinfq@livejournal.com,vG8\u}9cnHg.g@,rjuppfq
568,ecartlidgefr@istockphoto.com,aT6@T}*Fqu,ttreweelafr
569,hcuckoofs@ucsd.edu,aA8=M=rB$),opadillafs
570,bbeachamft@github.com,rB7'AnM1,pamayaft
571,dgrassifu@dyndns.org,zC2>(lX6,cmccoryfu
572,scapperfv@time.com,zZ4\Qa#37BSrRM5R,dwerlockfv
573,mflinnfw@unicef.org,nL5|h!F%(Zo,oespinozafw
574,ttibbitsfx@bizjournals.com,kR6|)~/53`,lbiglinfx
575,pmcpharlainfy@weather.com,"dK7""YY)$3",sloncasterfy
576,dsmithefz@dell.com,yM4/66e8JoVhRy,pwoganfz
577,mgierathsg0@istockphoto.com,bT6}>/>AP'zj_/,bgileg0
578,rmalcherg1@example.com,wW4(0dAk6Y{M,smoorheadg1
579,mdrinkelg2@jigsy.com,mZ1_B$x54Z%{},dtullyg2
580,cbleibaumg3@fotki.com,"uM5,aPklZ""g",lmccoughang3
581,snutong4@meetup.com,"hA3`jOe+""t",lschechterg4
582,nmartyging5@alibaba.com,qL1|}\h!y_<UE,rbuggsg5
583,glorentg6@cbsnews.com,zU4/cMF~>.b,tmarrg6
584,tgrinyerg7@gravatar.com,jO0{~Y}jI,asentong7
585,fstallang8@harvard.edu,aH1~Tv8X,bstrongg8
586,jsimsg9@tiny.cc,uG0!Jf%{p>7ghz,jkrysiakg9
587,dfinnisga@tripod.com,kX0_K\#&(9pjQU$,rmacdonoghga
588,dorsmangb@csmonitor.com,hG5(5fe<!F@+F,yalenichicovgb
589,cmartignongc@hp.com,"lC9%(sq?,F",cschafflergc
590,mshoobridgegd@bbc.co.uk,"qO5<LO}+""Rq%wa>",hmacuchadairgd
591,tseneschalge@com.com,dZ7>giK&md9eDS,cgaythorge
592,nblanchettegf@delicious.com,oK1|\4uL%rtd{,rregardsoegf
593,lhallgoughgg@princeton.edu,"bM6""uB~$",aweighellgg
594,cjarrattgh@umich.edu,"kS1?4.{xGduN',A*",hwynngh
595,ssaffillgi@xing.com,cI3&(jZ*GU9,fkinkeadgi
596,jdennesgj@webmd.com,dA1&/GYn,ialyonovgj
597,lblazejgk@biglobe.ne.jp,rU6<'WUx=e,wwoolattgk
598,dalvaradogl@forbes.com,xD5>X.1EHj<J3f4,phuygegl
599,rpeschetgm@sina.com.cn,bE4_ek+5Oq*<,fautingm
600,gcossonsgn@feedburner.com,"xH6,~i""5",ldulanygn
601,spiscotgo@newyorker.com,"qC8(}%2Ol,+%2",mstandidgego
602,ctonsleygp@gravatar.com,dO9=yxI&%x,nemertongp
603,ldeetlefsgq@nih.gov,"tE8},>5PXXUMB5>",eeldingq
604,taddsgr@shutterfly.com,mD9(oiN(u#f35,aridwoodgr
605,awrettumgs@apache.org,wO8*/g#d,lleggittgs
606,ebrassgt@github.io,uE6$'sYh>,ainglesgt
607,lstrawbridgegu@pinterest.com,rR0|ne!p,cbarlacegu
608,bskelliongv@issuu.com,aF6~5vH$~,wtamplingv
609,hizkovitzgw@ovh.net,cM5+w.9&T,bdudderidgegw
610,rkitchenergx@example.com,qH1\T<P!mZjT,dbreadgx
611,cmacnultygy@msn.com,"kI5`,{'qt*",crussongy
612,drappgz@buzzfeed.com,yL8|~#H(&ET,lmatthessengz
613,bwindh0@1688.com,nP7<Y}8Rgh!L6?ux,lglossoph0
614,bkupperh1@google.cn,lM4*<$>B,ndavidzonh1
615,respadah2@google.ru,oI7{_SD\x,rgronallerh2
616,espruceh3@jalbum.net,"oV1""@RS5$",askonesh3
617,pmacquisth4@wisc.edu,lW1*#04s~j&.w,mmeyshamh4
618,smarquezh5@paypal.com,xA7~6pOtc9Freh`,dcrumlyh5
619,cdarthh6@engadget.com,lB6{.MnEEz,sstlegerh6
620,lpengellyh7@gnu.org,dR8\UiC*Co,oblenkironh7
621,lwaterhowseh8@ebay.com,tA4~9rN$W2P,jrewbottomh8
622,scellah9@phpbb.com,wY3!_kdw|9J5,cluxtonh9
623,kmaccarrickha@slideshare.net,zJ8!)7kjmsYPD%,kmonktonha
624,ehitzschkehb@globo.com,xQ2&#WY(IGCT,bdovidaitishb
625,akailhc@furl.net,"hX2@,bn\q`LYkJ6U",bbrunnsteinhc
626,mangellhd@cisco.com,"nM3!75HQ~94j3""eH",aellimanhd
627,tbastonehe@angelfire.com,rV0&mH?z?#}DI|NF,adabnorhe
628,cscarrisbrickhf@ed.gov,pG8&<W5E'q5(,rpithiehf
629,csongesthg@soundcloud.com,"oG8<),Ck?<",nrapperhg
630,aphilbrickhh@webs.com,eC9+/LJe!~QO,ebowcherhh
631,sbucherhi@goodreads.com,"yY5.B/euu/,p%'?",swortshi
632,rgaitskellhj@amazonaws.com,"nN4+""NYgUoMZ",jjillingshj
633,jibbisonhk@mediafire.com,nW3\2vjEzop>o,jcarahhk
634,alobliehl@admin.ch,wH8&b(.A@H,lmangeneyhl
635,cfinnemorehm@linkedin.com,zM6~wPauw,sheepshm
636,dlampardhn@va.gov,rJ3\%QsHg0NV}<I,dfrowhn
637,kandrieuho@123-reg.co.uk,mI3`rZ<et4Kr,afuenteho
638,ljayehp@wix.com,"vZ5""aZQ_?rPe",pcorbetthp
639,rdowallhq@wikipedia.org,wD7+\<ko,lmclesehq
640,eeayrshr@geocities.com,mC0_4=i!8,hvarleyhr
641,mhalsehs@webnode.com,tZ6#_|Fi/,ulowriehs
642,hobernht@gov.uk,mT8@&8XfCjn<8f,abickleht
643,sreddinhu@bloglovin.com,pT2/*(OHpA/#v_o!,cmcconnelhu
644,anairehv@ezinearticles.com,aR3+6.L+Zuf9X,vomullallyhv
645,lreddlesdenhw@virginia.edu,tH1*rT?LJ),sdemangeonhw
646,hschabenhx@artisteer.com,wH8?eavS5,kloakeshx
647,pgimlethy@joomla.org,qS5>G')0,fsagghy
648,bfaldohz@fastcompany.com,iK8+WHb0,hlebretonhz
649,mcorbiei0@aol.com,"cZ7\,M@B6~QQ,&W",jmacveani0
650,uharmestoni1@state.tx.us,fH5<qU=Um`|do,bpopei1
651,psmallesi2@google.ru,mP5`tF$8KJ9$(,dduhigi2
652,zkistingi3@ocn.ne.jp,"zX5=OA!o07s,~oT#",tsilletti3
653,lisseleei4@infoseek.co.jp,zS0}I1c6puFVY,cgrimsditchi4
654,tguirardi5@utexas.edu,"iU4`""Fd%<,\_hAZ",kmiliffei5
655,jdeernessi6@multiply.com,dQ8?y&AV_?~wfTmd,dcoei6
656,dtissieri7@taobao.com,eI3!Szce/uEh,rewellsi7
657,abimsi8@fotki.com,tN9|EUbXr,rrichi8
658,rmussolinii9@ezinearticles.com,"rA4,deJeofhfLA",socahsedyi9
659,bcadwellia@xinhuanet.com,"aL5<(""qper",icastellsia
660,stredgoldib@usatoday.com,qF6?IH~i@i'uuxS,tbrandib
661,afarloweic@vistaprint.com,pB7<d1B)TcU*A#6,rfleyic
662,rpadyid@theatlantic.com,"vU5""LRbg1D7GR5S",wheinekeid
663,jbischoffie@theguardian.com,uN2*9QBmB,calberyie
664,sjerwoodif@digg.com,"aZ2(T""#S.",mklassif
665,ggotig@berkeley.edu,"gD0'l1,`ep$T%iyV",odonavanig
666,tjanningih@mayoclinic.com,nZ6%($`@!vkXT$@,rogilvyih
667,mcleverlyii@guardian.co.uk,kI8%'qvY6,fmcwilliamii
668,arustidgeij@java.com,"vO5=.Y{w$Wu9'X*""",lfosberryij
669,ahappelik@hatena.ne.jp,bX7<ePw=~s,ftaggik
670,hcalderheadil@usa.gov,uY6(uo<*W{\|,fcollcottil
671,cseersim@miibeian.gov.cn,"cN0!a,>&cf&",kabramcikim
672,cnowakowskiin@nih.gov,"gI2/""D""%MDm",kmeridain
673,ccalcutio@bluehost.com,gZ8!/@rEKq=!9r`B,pslipperio
674,jhoudmontip@japanpost.jp,mV0|L|yUF~yAj`,bmeasorip
675,ccampaigneiq@hatena.ne.jp,"cG5?A9(`""Q.vf",sbatkiniq
676,belieir@mapquest.com,zT6|d3~z4zIVhH,kthayir
677,rloydis@ebay.com,eG6(}s4a_fnow,sstanyeris
678,abeggit@youtu.be,sA8?)tRAG%d,jcardit
679,ghayleyiu@icq.com,hT1/Xo5n9TptQ,dchazetteiu
680,jbennsiv@walmart.com,"xX7)KI1QNkEi""",okensholeiv
681,avanarsdalliw@qq.com,"hL4,4|hwh",ncadwelliw
682,dmcguireix@arstechnica.com,xD2#{x8VriCk=,stuneix
683,fbuxtoniy@patch.com,pI9.dBQ|i!R~e,gblincowiy
684,lspillmaniz@moonfruit.com,nZ2~Y4P#EkQqarVG,shulliniz
685,mkivellj0@moonfruit.com,"bY2)GEnm{}2PQr1,",lthurlingj0
686,hpocknollj1@paypal.com,gN6_<%3(TJkiM),tpeplayj1
687,ssuttlingj2@china.com.cn,vW8#(NU6b|ikLwq,phinerj2
688,nmonktonj3@addtoany.com,"vO7+'MbI""",kchidleyj3
689,mjewarj4@dyndns.org,fN4*h'L{n+tS,tmcclintonj4
690,zcathcartj5@ameblo.jp,"qG4?E@""J/",rsayerj5
691,jbiasionij6@yolasite.com,iS1.WcJ$,jjancarj6
692,eburdellj7@scientificamerican.com,aC8$_37QDSY<,bleyesj7
693,kisaksonj8@slate.com,iP1.T600v?,gmorrissj8
694,bplutheroj9@merriam-webster.com,"cO1""uubA",nlegassickj9
695,nhyndsonja@t-online.de,"hL6""|TQD3)'W'\,B",nshamaja
696,cmenguyjb@devhub.com,"kS0@J,97d#5l+",rwescottjb
697,ejaggjc@artisteer.com,gX2$d&a*!E'mz$G,mstormesjc
698,fsexceyjd@unblog.fr,"vG8+|aGv""l",mlastjd
699,jsalmanje@deviantart.com,tE2<4CrX=}%)F?RY,lkintonje
700,rfritchlyjf@joomla.org,aF5%e!DfqG+,lposthilljf
701,sboultwoodjg@auda.org.au,cX5(KyBG5Q,sharcombejg
702,nbreckenridgejh@sphinn.com,bN4/#|Y(13RI,mculyjh
703,vklimschakji@bing.com,"rI5""+2(k?41oX",hsparkeji
704,afarressjj@deviantart.com,iH2?0pSAmJ&,bvondrajj
705,dkempstonejk@va.gov,kK0>0'{uGhQ,gboomesjk
706,jpavlikjl@un.org,tA1*4bCf,kbrookesjl
707,ebruinemannjm@deliciousdays.com,oG8`t1xe,edematteijm
708,hknealjn@g.co,dL4&B$>k$(&h,cavelinejn
709,enatonjo@indiegogo.com,"mH4""HruO0UX",obernadzkijo
710,aesbrookjp@freewebs.com,sK3.1iBf`Z,jkibbejp
711,enovotnejq@e-recht24.de,uM5_ennFox*,qromanjq
712,jperrinchiefjr@clickbank.net,oA6_Y_f1Y,jmcanellyejr
713,cmattssonjs@deliciousdays.com,tR2\`X4Y!{e><e,cbevensjs
714,bdreyejt@acquirethisname.com,pQ6&'ug?U%H1?,mlilianjt
715,tswancockju@merriam-webster.com,vS1$\|Lc*,wscourfieldju
716,eyieldingjv@shop-pro.jp,xR5}jNK}(#Q,ccropjv
717,lrickerjw@blinklist.com,pD6>du?i,mgianninijw
718,ncrinsonjx@uiuc.edu,dD1\|<j0,blingerjx
719,pderobertojy@webnode.com,"yJ2"">V3,4|S",wnassijy
720,lduffelljz@amazonaws.com,iR9.DuIu1IO,tarraultjz
721,rjimek0@alexa.com,jT0)#OuOEAM@@Q,xshellcrossk0
722,mglanzk1@amazon.co.jp,iM3\@\N#@m#2,rcaldronik1
723,rpavisk2@deliciousdays.com,jI9/|lN1,aduxburyk2
724,glantaphk3@psu.edu,nM4'AcJDD8oPGT,sgougek3
725,rsaipyk4@networkadvertising.org,"cX4|*LTM""v's=",kkleislek4
726,hgorriek5@marketwatch.com,xU3!(?y39pZdm,avakhlovk5
727,bmcgraek6@who.int,hM5\m5P1BBARkH({,tdreigherk6
728,plegricek7@scribd.com,pO5(u|nQM/`,ppacek7
729,lsheppeyk8@usgs.gov,eQ2|R/g#,rbestonk8
730,cmcgeneayk9@plala.or.jp,xS4`Hs&`Ikm,yjurgensenk9
731,mchellamka@edublogs.org,"gV9,sao""",kredfieldka
732,sbickmorekb@discuz.net,"rB3_o,q5eWEwHlXZ",orobinettkb
733,redelheitkc@ebay.com,iQ5{G?D'b%$VVW,tnicholsonkc
734,enorgankd@icio.us,bO5/@o+Ah@BRa`,krevelandkd
735,thaetke@facebook.com,bB2@%S_|*!\,tyieldingke
736,kdockertykf@cyberchimps.com,pA8#zk5o.=P,ogilardengokf
737,bfranzelkg@bbb.org,eQ7+|<ncHK9u,rjoveykg
738,ldonnerkh@army.mil,cD0.ao$aCYYk7.j,nrobersonkh
739,vbennedickki@pbs.org,jQ8*QN8fS,kostickki
740,ctiddkj@istockphoto.com,jJ5.fzgZ,kchamneykj
741,bwinterskk@instagram.com,eV6*wH)4tk/I1J3j,dcastkk
742,hwasbeykl@mapy.cz,"gA4,h?t""xP,bMgw'",asimionescukl
743,klorykm@aboutads.info,bX9*EUh4p,ypounsettkm
744,lbeumantkn@people.com.cn,gK7$*~RiW|0YY/7w,kdowgillkn
745,ffearneleyko@bbc.co.uk,oT9}EsP+PQT,dlowethko
746,schazerandkp@devhub.com,tU6{7\v17,pwoollerkp
747,lthurnhamkq@acquirethisname.com,yJ4@L+c|jN5_u,cpickavancekq
748,cjesticokr@hugedomains.com,"fI6""""pbt|U7N",rhayballkr
749,lgasnollks@github.io,iZ8|q6sQ,jsilkstonks
750,rchristoukt@rambler.ru,"nN1.b""PKw#",rgaskingkt
751,eleaderku@sina.com.cn,yV2<*=h!18Bw(w,mskurrayku
752,adarcykv@bbb.org,tT0.=Xt<n<t,fclutramkv
753,asolakw@prnewswire.com,xQ8}j<#)A}#n@\A,hwhitehousekw
754,zmortlockkx@google.com.br,rL4#R?#CS6*,nscampionkx
755,cshepperdky@devhub.com,uX2@=8rdh%(xgO,mbentoky
756,gbenkz@vk.com,xV2#y'T{=.l7q(s,pdavsonkz
757,liacovuzzil0@de.vu,xD0{B?z\Q,mcolganl0
758,mplaitl1@stumbleupon.com,"uY7&_sr""5",jmcmorranl1
759,acouvel2@soup.io,"eP3$0""LyDGP{d`",tneevel2
760,rjakubovskil3@amazon.co.jp,aC2%K?_E4~KLD,cstarkeyl3
761,wnoltel4@jugem.jp,nP5.NaHa.|}f,skilianl4
762,jswadlinl5@photobucket.com,zM3{~Ds!Ht,ptomasianl5
763,hbenoeyl6@whitehouse.gov,jQ7.(_G~7r2o'K,bfarlambl6
764,dcheleyl7@mapquest.com,nE6)lnWxN,kgasperol7
765,llaugheranel8@harvard.edu,eN3!u1gk,vchastelainl8
766,abrandenbergl9@prlog.org,rW6{PGZ<6j0gCp,skitel9
767,bdugaldla@prnewswire.com,yT4=%oskd*,farlowla
768,aboicklb@fda.gov,uA3+zVn=)F8,tmcpeakelb
769,ccoolc@google.co.uk,mZ1@8t(jG*0=,pbrakespearlc
770,gkelnerld@last.fm,tI5~F|@ZJR4v,wruncield
771,dmcdouglele@amazon.com,cO9\*.F),rdmitrovicle
772,mwraithlf@cafepress.com,gS1|7_M~,iskethlf
773,sbisattlg@prnewswire.com,"kY8""G_!xR",hcoadelg
774,carrigolh@ebay.co.uk,qS6{9Jg<,srowthornlh
775,tbiasiolili@bloomberg.com,oR1~=H>i|kvi!?mv,smuffli
776,npittlj@aboutads.info,"iJ7""nq<Q@<@",agoldinlj
777,cdansielk@youku.com,uY6_|vTlZ`SwzpVj,gsuterlk
778,ghawsll@wikipedia.org,vI7/DcNWHJH9,lbillesll
779,cwhitinglm@sina.com.cn,nT2@QaA/G*4c,zgaylordlm
780,dshordln@yahoo.co.jp,mS6&5k04>*,hwhewillln
781,kparfettlo@gnu.org,sM8`b}TwYz,dspridgenlo
782,dlorenzettolp@livejournal.com,"aE9,""\iAbc(Li",lmilbournlp
783,gkilmasterlq@sbwire.com,"wB5{)/P,",mgardenlq
784,cmarshlandlr@state.tx.us,wO9%'A1r,lcockelllr
785,bskermerls@telegraph.co.uk,wC8&R>q'ru!,mlorrainels
786,hsomervillelt@yolasite.com,"nA0~kQ,2u4\l",gsichlt
787,oarpinolu@hostgator.com,qP1!D?X3NJVE,bdovidianlu
788,handrisslv@dagondesign.com,rN6(hfPo1vWFf,ngiovannazzilv
789,mdudgeonlw@weather.com,dW2@7.+/j#8,fantyukhinlw
790,aschwartzlx@cdc.gov,mP7'HhoiFa,trevelylx
791,egowanly@dion.ne.jp,jL2!Bc?+5,kpykermanly
792,ckempelz@dropbox.com,pZ9$6b=nq#V!bzr,scornaulz
793,gneilusm0@quantcast.com,eU3`m$Mw5R,dbowichm0
794,sbeentjesm1@unesco.org,mU1|'L{*D(}X},rargonttm1
795,osvanettim2@wikispaces.com,dG1/(4%B7k)IuLO,flarmuthm2
796,crawcliffm3@bandcamp.com,cM9.v)s`0m*AU~a,rhusseym3
797,ejowettm4@printfriendly.com,eF1(}09j,wfloodm4
798,dbeelsm5@amazon.com,nX9\)<nW#1ZTW,soconnorm5
799,cbamletm6@hubpages.com,sX8*ZB'Z8i,abalamm6
800,sszymonim7@theatlantic.com,"zM5{{j1f7{f0,",javelinem7
801,kdalyellm8@opera.com,zB3!J*$l,stumeltym8
802,fkleinpeltzm9@lulu.com,rD5){&*TqCantF{,cgammonm9
803,zdonativoma@ycombinator.com,jZ2<jT'IJKRLY,avlasinma
804,ahedgecockmb@ca.gov,sG5\!_}K}ZF*UOHy,rmcgarahanmb
805,cshakshaftmc@domainmarket.com,yJ2@ec@n&.wu,jshearmemc
806,dborrowsmd@spiegel.de,oD2'AX!Wd>V=M5k,jmccorymd
807,hritzmanme@webnode.com,oF0(X$oL,hdelhayme
808,cgilesmf@nbcnews.com,tO5}#NI!K/#,cescaleromf
809,amckeandmg@google.nl,bG1}wxar.?)=,cdavioudmg
810,mrawsthornemh@bing.com,mU0!cz|ba'S,edytonmh
811,jangelomi@naver.com,qH4`v46M,mderlmi
812,nizachikmj@technorati.com,vE2*qKc4S.,gpounsettmj
813,sgiottoimk@blogger.com,"nE6#%f,Z6'V!zH+",rdemarcomk
814,tplluml@liveinternet.ru,bI8.kW8<F36UHN~_,bslamakerml
815,rcalvertmm@cisco.com,rL3(bZyf|\arG=!,aseylermm
816,rlandsboroughmn@biglobe.ne.jp,yM4%q<aDxWJ!sv,mstorekmn
817,ilohdemo@cpanel.net,sP4)tMj}EO#P2,rmintrammo
818,bruslinmp@macromedia.com,mF8)Rjq1a4PWc~hO,sbedowmp
819,paleavymq@sbwire.com,pY3.CF%+Qq,jkermathmq
820,kgeallmr@constantcontact.com,oE8&qC+y0TT',sbladgemr
821,nocklinms@wikispaces.com,pX1+k<.&C,srassellms
822,mgatleymt@parallels.com,cV9@0ilBhHu,bbiasimt
823,afaersmu@auda.org.au,iE5$YGurq,orevelymu
824,gbernardeschimv@networkadvertising.org,dP6*Tw%Au@k`,agemeaumv
825,gwhitlowmw@gnu.org,dX1?3p?c,phamelmw
826,ldovemx@skype.com,dZ7{QaL?,abattemx
827,rlackmannmy@people.com.cn,xA5'OYVi(}9AQdsF,obleasmy
828,cvergomz@issuu.com,cD3{+HZTnUyGK,kelijahumz
829,jshewn0@over-blog.com,yN9?r\&myJB,citzaksonn0
830,mgimenezn1@123-reg.co.uk,eX4|!t|IU4<x,csleighn1
831,whowlandn2@merriam-webster.com,dR0>$KO6lQ3,pbathown2
832,ihandesn3@godaddy.com,hP9=agm<VD,dlehriann3
833,btunstalln4@hibu.com,oI5(sQXM3J,tmelsomn4
834,nconfaitn5@mysql.com,"iH4,~Hi#",tmcalarneyn5
835,dhoolaghann6@nasa.gov,hK0{frU8,vveelersn6
836,rfontenotn7@columbia.edu,hW3`aO=cRm}L<,gproutn7
837,jossultonn8@state.tx.us,mV4+2q5N7oK~ldx,dluckhurstn8
838,thollyern9@biblegateway.com,tN0&rW*MrbT&<),nokien9
839,hingallna@google.com.au,"vW7,9eR}",framlotna
840,fpettegrenb@bloglines.com,eJ9?QG7',gchifneynb
841,cfidlernc@hugedomains.com,tG4?lx{=>5am(,jhounsomenc
842,gmcnalleynd@ning.com,oG5#u+_yqInZbc},kosboldstonend
843,epoacherne@bluehost.com,rN0<+4zJ$@,ofowleyne
844,wbruhnsennf@soundcloud.com,"gS5}P3""d",prultennf
845,lworthingtonng@reference.com,zP1(2&4Y,rchatainierng
846,ccammnh@fema.gov,"cW1""WB_8RU7",afanninnh
847,cnisbyni@miibeian.gov.cn,"yG8`X'"".wr",ahaynesni
848,atonnnj@jigsy.com,"sM9,&&r@k",rbonnairenj
849,bfaulkenernk@flavors.me,lP1'=F}!Cks,gclampnk
850,jcrotchnl@mlb.com,tI6&53N=%ykM60e,kbyassnl
851,emoodycliffenm@oracle.com,iV1)lh?+,mspridgennm
852,msimonninnn@java.com,tM2|gdFTA,sshervilnn
853,hdyeno@nyu.edu,wY1<2h.8,ddykano
854,pbudleighnp@thetimes.co.uk,pC0|RziXV,mheinickenp
855,jgeorgelnq@miitbeian.gov.cn,hB1~1s|)>fjR$,achalicenq
856,aozeltonnr@hostgator.com,"fD8,poFf4",dbengocheanr
857,ceveritns@surveymonkey.com,"pC9*@Lv?,(_=",jsainsns
858,ltattershallnt@china.com.cn,sF7(.17|jaZm,prubbertsnt
859,hvanvuurennu@about.me,gC2+GxbtAW,jwitteringnu
860,tsawellnv@macromedia.com,nX7&|89US,atrentnv
861,lashlinnw@feedburner.com,vE9=%~8n,tkubelkanw
862,jgodfreenx@state.gov,"eQ6|ywS,G*xc0s",hdoerrlingnx
863,broarkny@dot.gov,aX9!3<gT,vnicollsny
864,dwhymarknz@mozilla.org,xN6|DqYJ&I=NMuw3,gdyblenz
865,gkilcoyneo0@phoca.cz,kL4$C)$e',echandlaro0
866,cscoulero1@loc.gov,jD6~<ncrbq{5WMx=,gghidellio1
867,bpoytheraso2@businessweek.com,"tS1,,|""If%TL*",akashero2
868,flucaso3@vkontakte.ru,"tU0=w#t""nh<xZwoI",ipateo3
869,khoulthamo4@booking.com,yI2?f8k{(6,bcolberto4
870,tcatenoto5@csmonitor.com,wZ9@Q~xK,esavatiero5
871,cmosdallo6@studiopress.com,cZ8+g1uh#Q,kmcqueeno6
872,tfernanto7@chicagotribune.com,"jO4,#Gmo#Wj",maloshkino7
873,nocaineo8@webeden.co.uk,bH2$i~g`,etivenano8
874,dcastono9@yellowpages.com,vJ9%+K<TWjc%X,nburrilo9
875,mmanchettoa@github.com,xF5'HG1BO<_,fwalklotoa
876,lnaileob@miitbeian.gov.cn,"sK3""3|#)vN=pNAi%",cfyfieldob
877,ranettsoc@bandcamp.com,eX7.Su36%11,kkitchersideoc
878,rpenswickod@utexas.edu,jA7{`6j+f8,sliesod
879,tpinnijaroe@mysql.com,tZ4..GhJ,agregoe
880,pkinleysideof@joomla.org,sB6'jG=.#%,ccolbyof
881,pnorcliffeog@vimeo.com,yP2%@*_sA~W}pfbT,wtarlingog
882,gkurtisoh@sina.com.cn,wI6%dT=D#KM,ntennockoh
883,fislesoi@pbs.org,"mA5,~O'9dg}BCrE",minglestonoi
884,aurreyoj@ft.com,oG1(/zvd,lcadwelloj
885,broiznok@desdev.cn,bR1%c#UM,osiegeok
886,slambotol@linkedin.com,pM6&TbQs,lgooddyol
887,olovstromom@dagondesign.com,"tV0+JiDvM,xh?}",bgellyom
888,nurlichon@amazon.com,yR8'bIM|ZqtI,cmcphillimeyon
889,jforrestoo@wordpress.com,xS4>&~%V_W,rvarndalloo
890,clampkinop@ed.gov,"jH0~\HqF,73R",lchaceop
891,awheadonoq@mediafire.com,qV4@ZNJ5dv%ok3,bhefneroq
892,alangridgeor@sun.com,hU6{9I.J68?m,gstricklandor
893,revaos@deliciousdays.com,"jK4|kO,<MQb",rheeksos
894,aianettiot@forbes.com,wA9$WjROUOW,hsainsberryot
895,tdinningtonou@google.cn,"uY5`|U>0/?""IIT",jhaughianou
896,lbirtwhistleov@uol.com.br,yB6{0l%Cc,cmobleyov
897,lcastanieow@thetimes.co.uk,pZ6/oIlq}BqAxe,hmacalpineow
898,zyandellox@sciencedaily.com,"lC3)S4IW>C%g""0m",ckolyaginox
899,mmatthiusoy@themeforest.net,xE9?44'hK!,cwhinneyoy
900,lbooleoz@dedecms.com,mG6.@QR431C_kva,fsanchezoz
901,tgirvanp0@usnews.com,zL6/sXRq<,zcoarep0
902,arubinowp1@addtoany.com,fC2/qln<~UgMc.E(,neickhoffp1
903,mflahertyp2@yahoo.co.jp,xV2*2!>/$,sscrivensp2
904,kepsleyp3@comcast.net,pX5%U74biDul9x,aconnechiep3
905,rpepperdp4@uiuc.edu,kE6&CEW9$/,dbedissp4
906,dbennsp5@merriam-webster.com,"hN2!Tw8@y.""",ahurfordp5
907,cbrinicombep6@yahoo.co.jp,gP9|#opWt>&0\7C,caupolp6
908,ehaingep7@google.nl,bR3'SfzKP*,dtownsendp7
909,estruttmanp8@com.com,xE3+k}'vm>(U\,areedmanp8
910,nboweringp9@i2i.jp,uR4=vF)}3nfb,cchalfainp9
911,ttripppa@cisco.com,oG9$qNmuS9kF,vharbisonpa
912,akemberypb@xing.com,mS2`/3WwjcX,vcattermolepb
913,awailespc@alibaba.com,"sF1(/,RAcX+sl$Hn",pbertinpc
914,pdelortpd@wikimedia.org,fV3%1FKEaF1,nrisebrowpd
915,pgowmanpe@cbslocal.com,zJ4!w%>.6X)l+z*,riacovope
916,zbanhampf@icio.us,eJ6.S4H$=3>,ddebnampf
917,lmackellerpg@sogou.com,hB7|PmuzhNd$`/,jkenwellpg
918,kodulchontaph@w3.org,yK7`|E58,btattersillph
919,sleneypi@cmu.edu,tS4.C50yTw/gki#,ccuddonpi
920,thalsepj@wikia.com,bV1\U(#BE,kkharchinskipj
921,sfilliskirkpk@theatlantic.com,kA4~F1T`C2EYE,nsnarttpk
922,sfirmagerpl@answers.com,lS4?@(t\sX9L,vsabatespl
923,pcrossgrovepm@jimdo.com,oD9~V+CL,sklausewitzpm
924,sgilliattpn@tripod.com,oC8'e7JxZ,hglamartpn
925,dakriggpo@indiegogo.com,"bD5?""k`Tg=L",tfarmloepo
926,kbrunrothpp@hud.gov,pM7/_Q5j,edowlepp
927,ostanbrapq@washingtonpost.com,pG9_?YCCei?WuXd$,msteetpq
928,mchampnisspr@scribd.com,pB4`j0QXs+bCym,ggodleypr
929,olafflinaps@telegraph.co.uk,"xH6>0#""ZCCV",bswadlingps
930,fsalzburgerpt@statcounter.com,tK8$'U=I{M',predierpt
931,olukianovpu@usatoday.com,nW7>8kd@o,hprophetpu
932,oivashnikovpv@arstechnica.com,gE0$%#2)T,pthridgouldpv
933,hpymarpw@123-reg.co.uk,"eP5~#h`@2,qVI8",tloranspw
934,nfulgerpx@rambler.ru,"iU6'IP}Is_""6ws",jbullonpx
935,ccartmelpy@ifeng.com,mT2>x%V`J,aabreheartpy
936,ssealovepz@google.com.hk,"rR9`4O,OK",jgillbeypz
937,oskynerq0@devhub.com,"zO7<b5,'tx""e",cbyrneq0
938,fcooksonq1@spotify.com,mQ4?!I%8_I,emarsonq1
939,adabernottq2@example.com,uG9?3bkzLX*+PGOL,gbartosinskiq2
940,ajellimanq3@ebay.co.uk,xH8~j09A=HOle,thatherleighq3
941,nlocksleyq4@slideshare.net,"rU3(Q+Vw""$*<@o",vmeniq4
942,gguslonq5@google.fr,kV4#fA(k,geilhermannq5
943,dmeedendorpeq6@buzzfeed.com,"mF2""fwb%@=k",lcalbaitheq6
944,sgarardq7@comcast.net,aZ8#'*4hB0sGH$~U,ltolladyq7
945,weteenq8@cafepress.com,tE4?a|y04dw),nsiviterq8
946,jvivyanq9@usda.gov,mR6%1b#e8\TJ%EM,tmulvennaq9
947,iwhitsunqa@cnn.com,kB4!~Wx}eJtL5,mcridgeqa
948,ohandasydeqb@umich.edu,hF0`CVSg3X,tcadyqb
949,nadlingtonqc@bigcartel.com,cO5+v{XjIrN5%F,mtongsqc
950,cboyettqd@dagondesign.com,cQ5}Qm)x4GHRU?,fduhamqd
951,etaylderqe@digg.com,"mY0.I,Q!5DEy,",ctorresqe
952,csnowqf@hc360.com,aM2%l2bX}idz,swattishamqf
953,emccaigqg@people.com.cn,dS3<w{1?&ugRA<,mlionelqg
954,maberkirderqh@reddit.com,kY4&ve+@L)L,kburdounqh
955,spaffotqi@mozilla.org,tJ5\GDLE6wdu{&+!,mbucktroutqi
956,rhallwardqj@opera.com,oB0(aCCg,clicenceqj
957,cmuckleqk@rambler.ru,kC5@F@r)0U%Q,vbuzineqk
958,sbortoloniql@cpanel.net,aS7(I`L<1J_u~,japlinql
959,egoodinsonqm@smh.com.au,uG5'zft|6`R,ghowiesonqm
960,crichardeauqn@barnesandnoble.com,mE4${/TD,vesselqn
961,oeccleshareqo@ox.ac.uk,fQ4\M\*BmY@F6n8,clampbrechtqo
962,cfrodsamqp@tripadvisor.com,sO4|Eels,vkeenorqp
963,jdunbletonqq@house.gov,oA3=Ak2_,dwilkinsqq
964,fjenckenqr@eventbrite.com,uO1\t3Sf9ev(o8(=,dblucherqr
965,eworgenqs@deviantart.com,xT6#A!h}7,hbrahmerqs
966,leakeqt@umn.edu,"nA7{P6,q$Z<50M""",bvolkerqt
967,sdiamantqu@auda.org.au,lJ5~ODN={Bt,bmaberleyqu
968,laudleyqv@google.com.hk,aT1.I>~GRU!P_ko=,icapeloffqv
969,fruhbenqw@unesco.org,iC0&ZdPN,caskellqw
970,jaddicoteqx@shutterfly.com,yX6_%z!MKV$TNP,scollinwoodqx
971,kculverqy@twitpic.com,"eF3${,C2jaf",trubertiqy
972,vhurlestoneqz@irs.gov,tM9`&zO+ots,dkupiszqz
973,ekinforthr0@opera.com,tC6'(5l39e,nbranwhiter0
974,cfairecloughr1@princeton.edu,qQ4!ylsJ,odreusr1
975,jboultonr2@tuttocitta.it,"lY6""7Rn)x(v",egoodburr2
976,omawdittr3@merriam-webster.com,oR1{jg~u,wdurdyr3
977,edodgsonr4@qq.com,"xK6'Yh""{R",fastier4
978,agaythorper5@mapquest.com,lK2<a\G95to?,kleeuwerinkr5
979,hstanlaker6@gmpg.org,tW1>}aS6&,ghatchardr6
980,mtreagusr7@squidoo.com,rQ6$~G4Om,mstinsonr7
981,aboydonr8@mediafire.com,"vW0={""2$7Meb>",hguerreror8
982,dclousleyr9@instagram.com,pO9}jIGVo,ahanselmanr9
983,hantognellira@shinystat.com,"oT2@+mI3""A",bmulhallra
984,csleithrb@umich.edu,iP3|&ps=G{v/`8,gparkesrb
985,awybournerc@skype.com,"qL7,/o0}Hha",tfluterc
986,csainesrd@seattletimes.com,gO6>hh5*'e4K9%2u,dtabbittrd
987,ddennertre@quantcast.com,sF4<rN8lG<(5kr),mcancellierire
988,tclearsrf@posterous.com,"jM9(@+gEW%,h",rpacherf
989,vhowsamrg@devhub.com,nO7.J|YfS>,vbenezrg
990,kartharsrh@cisco.com,jE4*dfNp<`EixhM{,warmatidgerh
991,vscrivenri@abc.net.au,"aN3<?+@,\%2",jdullinghamri
992,agehrelsrj@angelfire.com,cD8?Q)}GLzd}<(7M,ipickerinrj
993,mmccorryrk@nasa.gov,zZ2@@t6mE8|1q?#,jfigguresrk
994,ahouricanrl@who.int,"nB3,B$j>",achapellowrl
995,lthomkinsrm@dmoz.org,nQ6)aW1!dC5uQ,mthalmannrm
996,cgoodmanrn@nifty.com,"jT3=r1xw,An",ssebrookrn
997,tbannisterro@statcounter.com,"dE2~_A=t'<F,)$",bcongdonro
998,lsweedyrp@topsy.com,vR7{~hsXN74o*'<I,cheasmanrp
999,ghandsrq@chicagotribune.com,eB1&&pb+\,gsearbyrq
1000,hmineghellirr@wordpress.org,xL5%Blb|7a,avarvellrr
